Sign Name,Confidence,Bounding Box
Stop,0.45,"[[246.67642211914062, 219.8616180419922, 255.96812438964844, 232.7351531982422]]"
Stop,0.89,"[[249.08595275878906, 218.74237060546875, 258.8066101074219, 232.3466339111328]]"
Stop,0.94,"[[255.02882385253906, 217.44485473632812, 265.2589416503906, 232.658203125]]"
Stop,0.93,"[[266.7265319824219, 213.3367919921875, 279.13983154296875, 233.16384887695312]]"
Speed Limit 20,0.33,"[[177.33859252929688, 224.1783447265625, 181.24185180664062, 228.40533447265625]]"
Stop,0.93,"[[266.728271484375, 213.33595275878906, 279.13873291015625, 233.1617431640625]]"
Speed Limit 20,0.33,"[[177.3282012939453, 224.18374633789062, 181.2335968017578, 228.40032958984375]]"
Stop,0.98,"[[271.7178955078125, 212.18980407714844, 285.21673583984375, 232.89617919921875]]"
Stop,0.96,"[[277.7367248535156, 210.373779296875, 291.4105224609375, 233.00389099121094]]"
Speed Limit 20,0.36,"[[176.3134307861328, 224.0900421142578, 180.45579528808594, 228.8597412109375]]"
Speed Limit 20,0.43,"[[164.01100158691406, 215.72457885742188, 172.84129333496094, 227.87057495117188]]"
Speed Limit 10,0.32,"[[164.03860473632812, 215.62997436523438, 172.8759765625, 227.97259521484375]]"
Stop,0.98,"[[285.25836181640625, 207.8687744140625, 300.0244140625, 233.82061767578125]]"
Speed Limit 20,0.34,"[[173.67922973632812, 222.54229736328125, 177.78541564941406, 228.43704223632812]]"
Speed Limit 20,0.44,"[[157.6735382080078, 213.9679412841797, 167.188232421875, 227.83213806152344]]"
Speed Limit 10,0.33,"[[157.64588928222656, 213.8440704345703, 167.30796813964844, 227.31402587890625]]"
Stop,0.98,"[[293.97760009765625, 205.49974060058594, 309.56494140625, 232.72276306152344]]"
Speed Limit 20,0.30,"[[173.01832580566406, 223.17164611816406, 176.9348602294922, 227.99722290039062]]"
Stop,0.98,"[[293.9788818359375, 205.49964904785156, 309.5650634765625, 232.72325134277344]]"
Speed Limit 20,0.30,"[[173.01980590820312, 223.1704559326172, 176.9388885498047, 227.996826171875]]"
Speed Limit 20,0.54,"[[141.85028076171875, 209.8055877685547, 153.4840087890625, 225.95037841796875]]"
Speed Limit 10,0.42,"[[141.73504638671875, 209.6360321044922, 153.38121032714844, 225.95089721679688]]"
Stop,0.98,"[[304.7650451660156, 201.9853973388672, 320.9897766113281, 233.4762420654297]]"
Speed Limit 20,0.46,"[[171.2708282470703, 223.429443359375, 176.04200744628906, 228.84181213378906]]"
Stop,0.97,"[[317.83209228515625, 198.5275421142578, 333.939453125, 232.4038848876953]]"
Stop,0.92,"[[333.6706237792969, 193.32276916503906, 349.84490966796875, 232.07275390625]]"
Speed Limit 20,0.82,"[[166.9907684326172, 222.12147521972656, 172.356201171875, 229.36891174316406]]"
Stop,0.92,"[[333.6907958984375, 193.42037963867188, 349.82781982421875, 232.084228515625]]"
Speed Limit 20,0.83,"[[166.9923858642578, 222.15159606933594, 172.3545684814453, 229.38601684570312]]"
Speed Limit 20,0.87,"[[102.4292984008789, 198.39483642578125, 118.49795532226562, 222.347412109375]]"
Speed Limit 20,0.37,"[[251.67942810058594, 216.01490783691406, 259.9910583496094, 227.4045867919922]]"
Speed Limit 10,0.33,"[[251.61883544921875, 215.95701599121094, 259.9134826660156, 227.44631958007812]]"
Stop,0.86,"[[353.98248291015625, 183.96058654785156, 368.1507568359375, 231.1720733642578]]"
Speed Limit 20,0.78,"[[165.59825134277344, 220.89620971679688, 170.7569122314453, 228.98106384277344]]"
Stop,0.86,"[[353.98748779296875, 183.94305419921875, 368.1556701660156, 231.17343139648438]]"
Speed Limit 20,0.79,"[[165.59576416015625, 220.9042205810547, 170.73728942871094, 228.94004821777344]]"
Speed Limit 20,0.70,"[[82.81172943115234, 192.19198608398438, 100.41812133789062, 219.97837829589844]]"
Speed Limit 10,0.66,"[[82.97325897216797, 192.5143280029297, 100.2788314819336, 219.987548828125]]"
Speed Limit 10,0.31,"[[252.1935272216797, 214.41799926757812, 260.921630859375, 227.5144805908203]]"
Speed Limit 20,0.85,"[[163.22137451171875, 220.5938720703125, 169.14923095703125, 228.32244873046875]]"
Speed Limit 20,0.80,"[[161.00360107421875, 219.68798828125, 166.31820678710938, 228.0972442626953]]"
Speed Limit 10,0.56,"[[59.22291946411133, 183.78085327148438, 77.87826538085938, 216.92906188964844]]"
Speed Limit 10,0.42,"[[252.7758331298828, 212.68702697753906, 262.1661376953125, 227.02484130859375]]"
Speed Limit 20,0.32,"[[252.72898864746094, 212.8807830810547, 262.13006591796875, 227.1176300048828]]"
Speed Limit 20,0.78,"[[161.04188537597656, 219.9464111328125, 166.33226013183594, 227.92164611816406]]"
Speed Limit 20,0.81,"[[158.75323486328125, 220.4939727783203, 164.1443328857422, 227.52772521972656]]"
Speed Limit 10,0.71,"[[33.53639221191406, 174.18643188476562, 52.146697998046875, 211.32371520996094]]"
Speed Limit 10,0.57,"[[256.0679626464844, 210.5325469970703, 266.33770751953125, 226.60260009765625]]"
Speed Limit 20,0.41,"[[256.1885986328125, 210.53839111328125, 266.1705017089844, 226.76458740234375]]"
Speed Limit 20,0.92,"[[154.49671936035156, 218.42506408691406, 160.744873046875, 226.91815185546875]]"
Speed Limit 20,0.86,"[[151.5195770263672, 217.7357940673828, 157.79908752441406, 226.9932098388672]]"
Speed Limit 10,0.67,"[[266.9155578613281, 205.8709716796875, 279.2028503417969, 225.59051513671875]]"
Speed Limit 20,0.64,"[[114.25196838378906, 211.49609375, 123.05743408203125, 224.56813049316406]]"
Speed Limit 20,0.75,"[[147.11685180664062, 216.01287841796875, 154.5997772216797, 227.38621520996094]]"
Speed Limit 10,0.68,"[[275.3945617675781, 201.8756561279297, 288.6370544433594, 223.99803161621094]]"
Speed Limit 20,0.62,"[[105.7169418334961, 208.90386962890625, 115.4941177368164, 223.6833038330078]]"
Speed Limit 20,0.59,"[[275.3585205078125, 201.99049377441406, 288.6477355957031, 224.28485107421875]]"
Speed Limit 20,0.34,"[[220.17904663085938, 217.80303955078125, 227.59422302246094, 228.31431579589844]]"
Speed Limit 20,0.31,"[[134.7681427001953, 218.92709350585938, 140.67787170410156, 227.51515197753906]]"
Speed Limit 20,0.80,"[[142.08926391601562, 215.33851623535156, 149.48678588867188, 226.8350830078125]]"
Speed Limit 10,0.68,"[[286.77099609375, 196.8170928955078, 301.06378173828125, 222.7490997314453]]"
Speed Limit 20,0.54,"[[96.30928802490234, 207.27061462402344, 107.1781234741211, 222.86529541015625]]"
Speed Limit 10,0.29,"[[96.18464660644531, 207.21070861816406, 107.35564422607422, 223.0199432373047]]"
Speed Limit 10,0.28,"[[221.10745239257812, 216.9015655517578, 229.396728515625, 228.11399841308594]]"
Speed Limit 20,0.27,"[[221.08287048339844, 216.6379852294922, 229.5135955810547, 228.11026000976562]]"
Speed Limit 10,0.76,"[[301.9843444824219, 191.03492736816406, 317.07281494140625, 220.6033477783203]]"
Speed Limit 20,0.63,"[[85.8450698852539, 204.3819122314453, 97.54280853271484, 221.8600311279297]]"
Speed Limit 10,0.56,"[[222.72500610351562, 215.55714416503906, 231.8101806640625, 227.94383239746094]]"
Speed Limit 20,0.56,"[[222.6055145263672, 215.5606231689453, 231.94744873046875, 228.09376525878906]]"
Speed Limit 20,0.76,"[[136.98934936523438, 213.57781982421875, 144.85504150390625, 226.66839599609375]]"
Speed Limit 20,0.84,"[[74.72342681884766, 200.65545654296875, 86.5020751953125, 220.15724182128906]]"
Speed Limit 10,0.80,"[[323.41790771484375, 180.8732452392578, 338.4403381347656, 218.03504943847656]]"
Speed Limit 10,0.41,"[[224.92596435546875, 213.62493896484375, 234.9701385498047, 228.3917236328125]]"
Speed Limit 20,0.41,"[[225.03929138183594, 213.55043029785156, 235.042724609375, 227.74530029296875]]"
Speed Limit 20,0.27,"[[123.05429077148438, 216.5974578857422, 130.1446990966797, 226.6082763671875]]"
Speed Limit 20,0.81,"[[232.03591918945312, 209.5995635986328, 243.973876953125, 226.81076049804688]]"
Speed Limit 20,0.74,"[[47.91117477416992, 192.08209228515625, 60.05299377441406, 215.80821228027344]]"
Speed Limit 10,0.63,"[[232.21177673339844, 209.50534057617188, 244.04833984375, 226.87728881835938]]"
Speed Limit 20,0.43,"[[114.94654846191406, 214.64869689941406, 122.00532531738281, 224.9258575439453]]"
Speed Limit 20,0.76,"[[114.84368133544922, 207.48068237304688, 124.5757064819336, 224.043701171875]]"
Speed Limit 20,0.75,"[[104.44210052490234, 204.27883911132812, 114.9341812133789, 223.14129638671875]]"
Speed Limit 20,0.75,"[[104.4322738647461, 204.27447509765625, 114.95601654052734, 223.0945281982422]]"
Speed Limit 20,0.83,"[[32.18630599975586, 186.83099365234375, 44.31639862060547, 213.054443359375]]"
Speed Limit 20,0.77,"[[237.2816619873047, 206.8368682861328, 251.0460662841797, 226.69662475585938]]"
Speed Limit 10,0.69,"[[237.34521484375, 206.87693786621094, 250.9898223876953, 226.68614196777344]]"
Speed Limit 20,0.45,"[[110.2551498413086, 213.18678283691406, 118.0268783569336, 224.4275360107422]]"
Speed Limit 20,0.73,"[[92.77506256103516, 200.4300994873047, 102.93955993652344, 221.8076629638672]]"
Speed Limit 20,0.51,"[[100.0264663696289, 210.13392639160156, 108.90862274169922, 223.41798400878906]]"
Speed Limit 20,0.50,"[[253.6779327392578, 197.8387908935547, 271.7299499511719, 224.6088409423828]]"
Speed Limit 10,0.34,"[[253.78817749023438, 198.10792541503906, 271.45855712890625, 224.435791015625]]"
Speed Limit 20,0.74,"[[78.67870330810547, 196.0283966064453, 88.74120330810547, 219.31214904785156]]"
Speed Limit 20,0.57,"[[61.313655853271484, 189.72650146484375, 71.26966094970703, 217.05360412597656]]"
Speed Limit 20,0.64,"[[61.25382995605469, 189.81124877929688, 71.2046127319336, 217.06640625]]"
Speed Limit 20,0.48,"[[266.5284729003906, 191.4776153564453, 287.40386962890625, 222.7425994873047]]"
Speed Limit 20,0.41,"[[94.23609161376953, 208.1586151123047, 103.46709442138672, 222.84751892089844]]"
Speed Limit 20,0.54,"[[285.5740966796875, 180.35845947265625, 309.67926025390625, 219.8524169921875]]"
Speed Limit 20,0.41,"[[87.90373229980469, 206.59584045410156, 97.6268310546875, 221.91224670410156]]"
Speed Limit 20,0.34,"[[80.76042938232422, 204.29225158691406, 91.26287078857422, 220.70166015625]]"
Speed Limit 20,0.33,"[[314.9521789550781, 163.49107360839844, 341.2660217285156, 214.70315551757812]]"
Speed Limit 30,0.29,"[[62.68458557128906, 198.0133056640625, 73.49414825439453, 218.67080688476562]]"
Speed Limit 30,0.28,"[[36.01607894897461, 189.82582092285156, 46.04850769042969, 214.10964965820312]]"
Speed Limit 30,0.44,"[[240.97799682617188, 209.1604461669922, 254.0800323486328, 227.0135040283203]]"
Speed Limit 30,0.42,"[[246.1810302734375, 206.07647705078125, 260.6720886230469, 226.32327270507812]]"
Speed Limit 30,0.42,"[[252.61390686035156, 201.9661865234375, 269.2810974121094, 225.28359985351562]]"
Speed Limit 20,0.27,"[[252.53048706054688, 202.0335235595703, 269.05657958984375, 225.37408447265625]]"
Speed Limit 30,0.40,"[[260.50396728515625, 196.69456481933594, 279.55413818359375, 224.3885498046875]]"
Speed Limit 20,0.29,"[[260.8097839355469, 196.79562377929688, 279.27716064453125, 224.58642578125]]"
Speed Limit 30,0.44,"[[271.35662841796875, 189.8599395751953, 293.858642578125, 222.02462768554688]]"
Speed Limit 40,0.33,"[[271.49041748046875, 189.97657775878906, 294.1014709472656, 222.586669921875]]"
Speed Limit 30,0.31,"[[120.28205108642578, 213.3573760986328, 128.39126586914062, 225.1003875732422]]"
Speed Limit 30,0.64,"[[288.4607238769531, 179.06057739257812, 313.7061462402344, 219.39334106445312]]"
Speed Limit 40,0.33,"[[113.09284973144531, 211.29225158691406, 122.21609497070312, 224.36334228515625]]"
Speed Limit 30,0.27,"[[113.24562072753906, 211.09429931640625, 122.23758697509766, 224.4364013671875]]"
Speed Limit 30,0.80,"[[314.63641357421875, 162.4457244873047, 341.42474365234375, 214.31544494628906]]"
Speed Limit 40,0.51,"[[105.50403594970703, 209.52752685546875, 114.67540740966797, 223.77439880371094]]"
Speed Limit 40,0.64,"[[96.23633575439453, 207.48492431640625, 105.73641967773438, 222.87734985351562]]"
Speed Limit 40,0.40,"[[229.56956481933594, 216.3518524169922, 238.4237518310547, 228.1949005126953]]"
Speed Limit 40,0.61,"[[60.509578704833984, 196.93258666992188, 71.439208984375, 218.37606811523438]]"
Speed Limit 40,0.60,"[[236.34010314941406, 211.6798858642578, 247.7680206298828, 227.43255615234375]]"
Speed Limit 40,0.80,"[[239.49484252929688, 209.93821716308594, 252.1845245361328, 227.02035522460938]]"
Speed Limit 40,0.47,"[[45.79864501953125, 192.46597290039062, 55.98551559448242, 215.30206298828125]]"
Green Light,0.30,"[[177.87013244628906, 199.70880126953125, 181.7092742919922, 202.5948486328125]]"
Speed Limit 40,0.74,"[[255.52125549316406, 199.11605834960938, 273.94769287109375, 224.68771362304688]]"
Speed Limit 30,0.41,"[[255.5259246826172, 199.08709716796875, 274.07672119140625, 224.66941833496094]]"
Green Light,0.56,"[[177.46571350097656, 199.50758361816406, 181.56895446777344, 202.3866424560547]]"
Speed Limit 40,0.63,"[[265.333251953125, 192.27638244628906, 286.91107177734375, 223.25222778320312]]"
Speed Limit 50,0.30,"[[279.5697937011719, 182.94894409179688, 304.12591552734375, 220.63755798339844]]"
Speed Limit 40,0.74,"[[301.1555480957031, 169.7430877685547, 328.7509460449219, 216.6080780029297]]"
Speed Limit 30,0.26,"[[217.47515869140625, 215.3795623779297, 226.77293395996094, 227.44253540039062]]"
Speed Limit 30,0.39,"[[204.020751953125, 211.1085662841797, 215.5733642578125, 227.5903778076172]]"
Speed Limit 40,0.31,"[[203.8990478515625, 211.20809936523438, 215.606201171875, 227.64186096191406]]"
Green Light,0.38,"[[161.7300262451172, 183.69570922851562, 166.5617218017578, 186.98178100585938]]"
Speed Limit 50,0.45,"[[187.93154907226562, 209.16050720214844, 201.56797790527344, 226.766845703125]]"
Speed Limit 50,0.26,"[[166.25747680664062, 205.68203735351562, 180.5328369140625, 226.3859405517578]]"
Speed Limit 10,0.27,"[[68.95618438720703, 182.3858184814453, 87.61859893798828, 216.9910125732422]]"
Green Light,0.71,"[[150.08616638183594, 172.11900329589844, 156.87493896484375, 175.99266052246094]]"
Green Light,0.72,"[[150.1070556640625, 172.15184020996094, 156.91140747070312, 176.05088806152344]]"
Green Light,0.36,"[[145.28851318359375, 167.6664276123047, 153.3920440673828, 171.75662231445312]]"
Green Light,0.36,"[[145.2814483642578, 167.65769958496094, 153.38807678222656, 171.7531280517578]]"
Green Light,0.32,"[[143.6232147216797, 165.0707550048828, 151.25552368164062, 169.57925415039062]]"
Green Light,0.33,"[[141.38792419433594, 162.7558135986328, 149.5313720703125, 167.10775756835938]]"
Green Light,0.30,"[[138.27452087402344, 159.78366088867188, 146.71925354003906, 164.70150756835938]]"
Green Light,0.27,"[[130.35430908203125, 149.876708984375, 137.71279907226562, 155.1515350341797]]"
Speed Limit 70,0.36,"[[155.50205993652344, 215.058349609375, 164.07461547851562, 227.2283935546875]]"
Green Light,0.56,"[[126.9652328491211, 145.6276092529297, 135.03372192382812, 151.77003479003906]]"
Green Light,0.50,"[[119.8477554321289, 136.8165283203125, 127.05291748046875, 144.10289001464844]]"
Speed Limit 70,0.43,"[[137.82086181640625, 209.1032257080078, 149.83753967285156, 226.01377868652344]]"
Speed Limit 50,0.26,"[[137.85098266601562, 209.1800994873047, 149.80548095703125, 225.46438598632812]]"
Green Light,0.44,"[[119.01869201660156, 137.04931640625, 126.82142639160156, 144.1667022705078]]"
Speed Limit 50,0.29,"[[129.673828125, 206.5843048095703, 142.73699951171875, 224.70127868652344]]"
Speed Limit 70,0.29,"[[129.6483154296875, 206.3108673095703, 143.0102081298828, 224.99472045898438]]"
Speed Limit 60,0.27,"[[119.72373962402344, 202.8502655029297, 134.2779998779297, 223.807373046875]]"
Speed Limit 30,0.25,"[[130.98944091796875, 222.12380981445312, 133.93759155273438, 226.88185119628906]]"
Speed Limit 60,0.31,"[[106.76438903808594, 198.3003387451172, 122.9306411743164, 222.04351806640625]]"
Speed Limit 30,0.29,"[[125.73067474365234, 222.04977416992188, 128.99722290039062, 227.04966735839844]]"
Green Light,0.28,"[[100.2658920288086, 114.84780883789062, 110.3581314086914, 122.16725158691406]]"
Speed Limit 30,0.41,"[[98.91715240478516, 217.710205078125, 102.91967010498047, 225.00723266601562]]"
Speed Limit 30,0.40,"[[94.51142120361328, 217.10491943359375, 98.58283233642578, 224.4069366455078]]"
Speed Limit 70,0.49,"[[163.06417846679688, 217.15533447265625, 170.25857543945312, 227.720703125]]"
Red Light,0.38,"[[171.91915893554688, 193.99729919433594, 176.96031188964844, 196.9962615966797]]"
Speed Limit 70,0.41,"[[154.94107055664062, 214.66888427734375, 164.36785888671875, 227.56787109375]]"
Red Light,0.56,"[[171.55718994140625, 192.94053649902344, 176.98934936523438, 196.11746215820312]]"
Speed Limit 70,0.44,"[[149.72036743164062, 212.75157165527344, 160.43511962890625, 227.73216247558594]]"
Red Light,0.41,"[[170.3694610595703, 192.058349609375, 175.54376220703125, 195.68551635742188]]"
Speed Limit 50,0.29,"[[137.2702178955078, 208.80154418945312, 149.62258911132812, 226.23049926757812]]"
Speed Limit 10,0.31,"[[68.56764221191406, 182.776123046875, 86.66349792480469, 216.21121215820312]]"
Speed Limit 120,0.55,"[[157.32447814941406, 215.38671875, 165.75074768066406, 227.48611450195312]]"
Speed Limit 70,0.39,"[[147.3890380859375, 211.6448974609375, 157.79844665527344, 226.6334686279297]]"
Speed Limit 80,0.26,"[[147.46295166015625, 211.6556854248047, 157.691650390625, 226.59251403808594]]"
Green Light,0.30,"[[142.0461883544922, 160.20333862304688, 149.53057861328125, 165.2851104736328]]"
Red Light,0.31,"[[137.70127868652344, 157.803466796875, 146.60606384277344, 162.6421661376953]]"
Speed Limit 80,0.53,"[[140.91452026367188, 209.94647216796875, 152.56980895996094, 226.12942504882812]]"
Speed Limit 80,0.48,"[[133.23193359375, 207.0000762939453, 146.15127563476562, 225.45010375976562]]"
Speed Limit 80,0.31,"[[123.93318939208984, 203.94798278808594, 138.26083374023438, 224.11624145507812]]"
Speed Limit 80,0.48,"[[112.1844253540039, 199.890869140625, 127.99407958984375, 223.13681030273438]]"
Speed Limit 80,0.42,"[[97.83609008789062, 194.5251922607422, 114.9764633178711, 220.83352661132812]]"
Speed Limit 80,0.70,"[[79.44719696044922, 187.25082397460938, 97.37853240966797, 218.935546875]]"
Speed Limit 80,0.60,"[[56.53713607788086, 177.3811492919922, 75.1122055053711, 213.7955780029297]]"
Speed Limit 50,0.26,"[[56.254520416259766, 177.41127014160156, 74.8292236328125, 214.63877868652344]]"
Speed Limit 50,0.60,"[[246.6430206298828, 223.46249389648438, 250.0530548095703, 229.3220977783203]]"
Speed Limit 50,0.29,"[[248.64337158203125, 223.05355834960938, 252.3385009765625, 228.98370361328125]]"
Speed Limit 50,0.28,"[[248.65065002441406, 223.0592498779297, 252.3388671875, 228.97496032714844]]"
Speed Limit 50,0.63,"[[251.767822265625, 222.4673309326172, 255.28224182128906, 228.99185180664062]]"
Speed Limit 50,0.43,"[[253.8170166015625, 221.84597778320312, 257.6140441894531, 228.40005493164062]]"
Speed Limit 50,0.76,"[[256.00140380859375, 221.28453063964844, 259.7303466796875, 228.17034912109375]]"
Speed Limit 50,0.68,"[[238.80648803710938, 224.96482849121094, 242.2568359375, 230.15696716308594]]"
Speed Limit 50,0.43,"[[263.1102294921875, 220.1077880859375, 268.1821594238281, 228.36117553710938]]"
Speed Limit 50,0.63,"[[266.34814453125, 219.4241180419922, 271.02435302734375, 228.04843139648438]]"
Speed Limit 50,0.46,"[[239.87820434570312, 224.96176147460938, 243.16921997070312, 229.6171417236328]]"
Speed Limit 90,0.50,"[[136.64083862304688, 210.72357177734375, 147.5986785888672, 226.8541259765625]]"
Speed Limit 110,0.28,"[[136.65553283691406, 210.70187377929688, 147.5408477783203, 226.81460571289062]]"
Speed Limit 50,0.59,"[[269.6400146484375, 218.4079132080078, 274.5378723144531, 227.56797790527344]]"
Speed Limit 50,0.45,"[[240.97000122070312, 224.78785705566406, 244.40463256835938, 229.3732147216797]]"
Speed Limit 50,0.70,"[[269.4077453613281, 218.2779998779297, 274.46038818359375, 227.48619079589844]]"
Speed Limit 50,0.54,"[[240.9967041015625, 224.82705688476562, 244.48585510253906, 229.22344970703125]]"
Speed Limit 50,0.66,"[[277.2468566894531, 216.49046325683594, 282.7562255859375, 226.78175354003906]]"
Speed Limit 50,0.55,"[[242.9180908203125, 224.11300659179688, 247.24307250976562, 229.51756286621094]]"
Speed Limit 110,0.35,"[[122.3057861328125, 205.41326904296875, 135.9931640625, 224.47344970703125]]"
Speed Limit 110,0.71,"[[112.297119140625, 201.99334716796875, 127.4125747680664, 223.61770629882812]]"
Speed Limit 90,0.44,"[[99.7225570678711, 197.19125366210938, 116.89418029785156, 221.85418701171875]]"
Speed Limit 90,0.60,"[[65.46251678466797, 184.4242401123047, 84.9638900756836, 215.63665771484375]]"
Speed Limit 80,0.40,"[[65.5280532836914, 184.49819946289062, 84.88607788085938, 215.742431640625]]"
Speed Limit 80,0.33,"[[282.6312255859375, 219.3039093017578, 287.82366943359375, 227.05526733398438]]"
Speed Limit 50,0.81,"[[250.4081573486328, 222.39080810546875, 255.0616912841797, 229.07290649414062]]"
Speed Limit 50,0.64,"[[306.4080810546875, 209.0278778076172, 315.8172912597656, 223.7496795654297]]"
Speed Limit 50,0.41,"[[41.532310485839844, 173.88352966308594, 61.39813232421875, 211.7071533203125]]"
Speed Limit 90,0.32,"[[41.605533599853516, 174.0161590576172, 61.572818756103516, 212.02774047851562]]"
Speed Limit 50,0.65,"[[312.53118896484375, 205.7705841064453, 323.5117492675781, 223.15118408203125]]"
Speed Limit 50,0.56,"[[242.49884033203125, 222.16217041015625, 247.3455810546875, 229.0650177001953]]"
Speed Limit 50,0.60,"[[311.21142578125, 204.600830078125, 323.0899963378906, 222.2156524658203]]"
Speed Limit 50,0.52,"[[232.14878845214844, 222.35186767578125, 237.04806518554688, 229.83424377441406]]"
Speed Limit 50,0.72,"[[221.7217254638672, 221.9801483154297, 226.71978759765625, 229.79403686523438]]"
Speed Limit 50,0.70,"[[210.8209686279297, 221.2788543701172, 216.2010955810547, 229.32894897460938]]"
Speed Limit 50,0.46,"[[310.2873229980469, 200.40304565429688, 324.9764404296875, 221.9362030029297]]"
Speed Limit 50,0.84,"[[186.82687377929688, 220.10067749023438, 193.287353515625, 228.9387969970703]]"
Speed Limit 50,0.57,"[[315.341796875, 194.0296173095703, 332.3859558105469, 220.3643035888672]]"
Speed Limit 50,0.89,"[[173.97140502929688, 218.82080078125, 180.64730834960938, 228.7913055419922]]"
Speed Limit 50,0.46,"[[321.562744140625, 188.874267578125, 339.7274169921875, 218.91519165039062]]"
Speed Limit 50,0.74,"[[144.83648681640625, 216.0681915283203, 152.3009796142578, 227.15817260742188]]"
Speed Limit 50,0.59,"[[344.1409912109375, 174.26724243164062, 363.8826904296875, 213.3602294921875]]"
Speed Limit 50,0.84,"[[127.96846771240234, 214.06175231933594, 136.4442138671875, 225.90338134765625]]"
Speed Limit 50,0.51,"[[363.8227233886719, 162.08065795898438, 381.60308837890625, 209.48300170898438]]"
Speed Limit 110,0.45,"[[134.8226318359375, 211.04010009765625, 145.27149963378906, 226.15463256835938]]"
Speed Limit 110,0.71,"[[129.2299041748047, 208.96853637695312, 141.0323486328125, 225.47918701171875]]"
Speed Limit 110,0.53,"[[122.55923461914062, 205.95394897460938, 135.5873565673828, 224.038818359375]]"
Speed Limit 50,0.78,"[[89.95796966552734, 208.32359313964844, 99.27057647705078, 223.03919982910156]]"
Speed Limit 50,0.78,"[[89.95730590820312, 208.3267059326172, 99.27413940429688, 223.03826904296875]]"
Speed Limit 110,0.77,"[[113.50747680664062, 202.4853515625, 128.02288818359375, 223.6865997314453]]"
Speed Limit 50,0.65,"[[70.27291107177734, 203.984375, 80.48995971679688, 220.19847106933594]]"
Speed Limit 110,0.82,"[[102.89383697509766, 198.50096130371094, 118.82129669189453, 222.1753387451172]]"
Speed Limit 50,0.74,"[[64.80511474609375, 201.40599060058594, 75.831787109375, 219.39450073242188]]"
Speed Limit 110,0.67,"[[89.22831726074219, 193.1142120361328, 106.24678039550781, 220.49696350097656]]"
Speed Limit 50,0.80,"[[64.83969116210938, 201.42172241210938, 75.80608367919922, 219.43096923828125]]"
Speed Limit 110,0.86,"[[72.79741668701172, 186.135498046875, 90.01644897460938, 217.5562286376953]]"
Speed Limit 120,0.32,"[[72.33626556396484, 186.04638671875, 90.13358306884766, 216.7981719970703]]"
Speed Limit 50,0.86,"[[51.88349151611328, 197.00640869140625, 62.35081481933594, 218.18600463867188]]"
Speed Limit 110,0.40,"[[51.67433547973633, 176.55538940429688, 69.24186706542969, 214.4915313720703]]"
Speed Limit 120,0.26,"[[51.17613220214844, 176.91354370117188, 69.23125457763672, 213.51036071777344]]"
Speed Limit 50,0.84,"[[34.16577911376953, 190.0333251953125, 44.29759979248047, 213.65228271484375]]"
Speed Limit 50,0.40,"[[23.24364471435547, 186.3931427001953, 32.467384338378906, 211.11215209960938]]"
Speed Limit 110,0.39,"[[125.29570770263672, 207.6985626220703, 137.32752990722656, 224.7359161376953]]"
Speed Limit 120,0.31,"[[125.58873748779297, 207.4969482421875, 137.12388610839844, 224.97100830078125]]"
Speed Limit 120,0.65,"[[118.8125, 204.89126586914062, 131.237060546875, 223.93955993652344]]"
Speed Limit 110,0.63,"[[98.4075927734375, 196.61758422851562, 113.91412353515625, 221.25204467773438]]"
Speed Limit 120,0.67,"[[84.46167755126953, 190.77987670898438, 101.22286224365234, 219.7322540283203]]"
Speed Limit 80,0.28,"[[84.51686096191406, 190.6936492919922, 101.04002380371094, 219.62757873535156]]"
Red Light,0.30,"[[124.7557601928711, 199.60633850097656, 128.350830078125, 202.3616943359375]]"
Speed Limit 110,0.67,"[[66.59030151367188, 182.46575927734375, 83.82537841796875, 216.02041625976562]]"
Speed Limit 80,0.42,"[[282.540771484375, 218.61697387695312, 288.5238952636719, 226.75613403320312]]"
Red Light,0.29,"[[140.05809020996094, 199.5089569091797, 143.683349609375, 202.1798095703125]]"
Red Light,0.29,"[[150.54196166992188, 199.6163330078125, 154.3284454345703, 202.38661193847656]]"
Green Light,0.73,"[[234.41802978515625, 156.28639221191406, 243.23182678222656, 162.02435302734375]]"
Green Light,0.51,"[[192.45431518554688, 148.85377502441406, 202.24996948242188, 155.13214111328125]]"
Red Light,0.30,"[[167.52528381347656, 198.8211212158203, 171.47891235351562, 201.43605041503906]]"
Red Light,0.31,"[[167.5218048095703, 198.84922790527344, 171.46469116210938, 201.4390411376953]]"
Green Light,0.75,"[[199.5970916748047, 134.48768615722656, 211.61907958984375, 141.9092559814453]]"
Green Light,0.67,"[[247.1247100830078, 143.60923767089844, 259.23492431640625, 150.87197875976562]]"
Green Light,0.78,"[[219.89486694335938, 85.45490264892578, 236.63836669921875, 96.12123107910156]]"
Green Light,0.75,"[[288.0540466308594, 103.33747863769531, 302.40484619140625, 112.45588684082031]]"
Green Light,0.81,"[[223.47312927246094, 66.22616577148438, 242.5121307373047, 79.74537658691406]]"
Green Light,0.40,"[[298.8232116699219, 91.4582290649414, 313.48455810546875, 102.14625549316406]]"
Red Light,0.31,"[[240.8726806640625, 188.0031280517578, 245.61009216308594, 192.7766571044922]]"
Speed Limit 50,0.46,"[[274.9596252441406, 203.0614776611328, 280.8750915527344, 224.62351989746094]]"
Red Light,0.30,"[[274.9159851074219, 202.95477294921875, 280.613525390625, 225.65892028808594]]"
Red Light,0.25,"[[267.2525939941406, 184.01573181152344, 272.4348449707031, 188.10401916503906]]"
Speed Limit 50,0.68,"[[291.7707824707031, 197.7911834716797, 299.66583251953125, 222.44873046875]]"
Red Light,0.49,"[[275.4275817871094, 182.21636962890625, 281.80712890625, 185.61276245117188]]"
Speed Limit 60,0.25,"[[249.78277587890625, 222.25247192382812, 254.63967895507812, 227.79940795898438]]"
Speed Limit 50,0.68,"[[291.773193359375, 197.7899627685547, 299.65960693359375, 222.39292907714844]]"
Red Light,0.49,"[[275.4819641113281, 182.21902465820312, 281.8258972167969, 185.62974548339844]]"
Speed Limit 60,0.26,"[[249.77761840820312, 222.32760620117188, 254.5982666015625, 227.87506103515625]]"
Speed Limit 50,0.87,"[[312.10565185546875, 191.66116333007812, 322.78485107421875, 220.28564453125]]"
Speed Limit 60,0.45,"[[258.8829345703125, 221.5000762939453, 263.78857421875, 227.81463623046875]]"
Red Light,0.28,"[[283.3394470214844, 180.10887145996094, 289.08258056640625, 184.24072265625]]"
Speed Limit 50,0.87,"[[312.1065673828125, 191.65585327148438, 322.78948974609375, 220.26934814453125]]"
Speed Limit 60,0.45,"[[258.8731994628906, 221.4969024658203, 263.7844543457031, 227.8097686767578]]"
Red Light,0.29,"[[283.3790588378906, 180.0898895263672, 289.128662109375, 184.1996307373047]]"
Speed Limit 50,0.78,"[[337.7413330078125, 181.7267303466797, 351.56890869140625, 216.166015625]]"
Red Light,0.44,"[[291.89630126953125, 177.3422393798828, 298.4949951171875, 181.339599609375]]"
Speed Limit 60,0.46,"[[269.2760009765625, 221.8012237548828, 274.2557067871094, 229.25901794433594]]"
Speed Limit 50,0.37,"[[384.9788513183594, 157.9989776611328, 402.8905029296875, 204.35726928710938]]"
Speed Limit 60,0.46,"[[269.2752685546875, 221.79913330078125, 274.26104736328125, 229.2584228515625]]"
Speed Limit 50,0.36,"[[384.9754943847656, 157.9847869873047, 402.89239501953125, 204.35726928710938]]"
Red Light,0.25,"[[292.1726989746094, 174.95188903808594, 298.56365966796875, 179.87042236328125]]"
Speed Limit 60,0.75,"[[250.38055419921875, 220.6634063720703, 255.80551147460938, 229.41175842285156]]"
Red Light,0.66,"[[256.6131896972656, 172.9358673095703, 264.64508056640625, 177.035888671875]]"
Speed Limit 60,0.64,"[[230.27523803710938, 220.82810974121094, 236.00045776367188, 229.6175537109375]]"
Red Light,0.35,"[[226.73760986328125, 177.3258056640625, 232.75784301757812, 182.65029907226562]]"
Red Light,0.75,"[[247.51036071777344, 171.585205078125, 255.65603637695312, 175.89129638671875]]"
Red Light,0.56,"[[218.208740234375, 176.90640258789062, 224.16006469726562, 181.1570281982422]]"
Speed Limit 60,0.86,"[[197.7386932373047, 218.03041076660156, 204.56884765625, 228.57211303710938]]"
Red Light,0.46,"[[228.54696655273438, 168.25363159179688, 236.70068359375, 173.1559295654297]]"
Red Light,0.40,"[[196.14630126953125, 173.26202392578125, 202.2493438720703, 178.78616333007812]]"
Speed Limit 60,0.86,"[[197.73619079589844, 218.0281982421875, 204.55897521972656, 228.60597229003906]]"
Red Light,0.45,"[[228.00405883789062, 168.31405639648438, 236.259033203125, 173.2326202392578]]"
Red Light,0.37,"[[196.08250427246094, 173.2991485595703, 202.166259765625, 178.84970092773438]]"
Speed Limit 60,0.84,"[[185.19235229492188, 217.7019500732422, 193.12355041503906, 227.64984130859375]]"
Red Light,0.82,"[[218.1720428466797, 166.5385284423828, 226.34634399414062, 171.361083984375]]"
Red Light,0.45,"[[185.19834899902344, 171.51063537597656, 191.17347717285156, 176.90745544433594]]"
Red Light,0.76,"[[272.8585510253906, 196.5267791748047, 283.50445556640625, 203.08807373046875]]"
Red Light,0.59,"[[217.26026916503906, 193.0814971923828, 230.75439453125, 200.67916870117188]]"
Speed Limit 60,0.96,"[[172.08221435546875, 216.02252197265625, 179.5906982421875, 227.3363037109375]]"
Speed Limit 60,0.95,"[[156.9591522216797, 214.621826171875, 165.1602783203125, 227.69729614257812]]"
Red Light,0.78,"[[195.74322509765625, 161.22776794433594, 205.32875061035156, 166.41629028320312]]"
Speed Limit 60,0.94,"[[140.2791748046875, 213.15164184570312, 149.24464416503906, 226.78231811523438]]"
Red Light,0.78,"[[185.06851196289062, 158.04640197753906, 193.3947296142578, 162.7958984375]]"
Red Light,0.39,"[[147.30419921875, 160.62307739257812, 154.816162109375, 166.6593017578125]]"
Speed Limit 60,0.93,"[[125.63793182373047, 210.40841674804688, 134.4336700439453, 225.5035400390625]]"
Red Light,0.39,"[[176.39462280273438, 153.6842803955078, 185.25746154785156, 159.09181213378906]]"
Red Light,0.36,"[[137.30633544921875, 156.1713409423828, 144.56874084472656, 163.32730102539062]]"
Red Light,0.81,"[[175.46932983398438, 150.49066162109375, 185.3895263671875, 155.9842071533203]]"
Speed Limit 60,0.76,"[[117.66299438476562, 208.08815002441406, 127.24870300292969, 223.8595428466797]]"
Speed Limit 60,0.90,"[[108.87069702148438, 204.68609619140625, 118.68722534179688, 223.44969177246094]]"
Red Light,0.79,"[[174.8240509033203, 145.70835876464844, 185.9286346435547, 152.0428924560547]]"
Red Light,0.53,"[[133.99964904785156, 151.08038330078125, 142.26597595214844, 157.7794647216797]]"
Red Light,0.82,"[[305.3681335449219, 174.8126220703125, 319.5683898925781, 184.28475952148438]]"
Red Light,0.79,"[[224.55398559570312, 162.90963745117188, 245.5215606689453, 176.14244079589844]]"
Red Light,0.78,"[[175.31776428222656, 141.19679260253906, 185.59576416015625, 147.60562133789062]]"
Speed Limit 60,0.65,"[[99.29643249511719, 201.80706787109375, 109.16854858398438, 221.64808654785156]]"
Green Light,0.34,"[[206.9303436279297, 208.57899475097656, 214.23672485351562, 213.59713745117188]]"
Red Light,0.83,"[[229.4859619140625, 139.09703063964844, 255.89669799804688, 157.11529541015625]]"
Red Light,0.54,"[[322.51318359375, 161.2749481201172, 337.5419006347656, 172.8150634765625]]"
Green Light,0.36,"[[322.2360534667969, 161.37867736816406, 337.2232666015625, 172.47625732421875]]"
Red Light,0.72,"[[175.79234313964844, 136.8087158203125, 186.65223693847656, 142.6234588623047]]"
Speed Limit 60,0.48,"[[86.67623138427734, 196.4652099609375, 97.88996124267578, 221.55892944335938]]"
Green Light,0.40,"[[209.53883361816406, 208.3223419189453, 216.92225646972656, 214.13536071777344]]"
Red Light,0.72,"[[175.79635620117188, 136.8074493408203, 186.64688110351562, 142.6232452392578]]"
Speed Limit 60,0.49,"[[86.68096160888672, 196.42929077148438, 97.92837524414062, 221.53260803222656]]"
Green Light,0.42,"[[209.53814697265625, 208.3219451904297, 216.9265899658203, 214.1332244873047]]"
Red Light,0.68,"[[176.54129028320312, 130.9490509033203, 188.14678955078125, 138.0440216064453]]"
Green Light,0.59,"[[212.22906494140625, 208.4834747314453, 219.79859924316406, 213.02403259277344]]"
Red Light,0.46,"[[130.85044860839844, 139.57603454589844, 139.30459594726562, 146.03790283203125]]"
Speed Limit 60,0.45,"[[73.62510681152344, 191.4881591796875, 84.21072387695312, 218.14767456054688]]"
Speed Limit 20,0.26,"[[73.95850372314453, 191.66943359375, 84.02992248535156, 218.26107788085938]]"
Red Light,0.86,"[[236.89968872070312, 99.8748550415039, 274.326416015625, 126.1493911743164]]"
Red Light,0.72,"[[188.23260498046875, 92.18728637695312, 203.80990600585938, 101.81749725341797]]"
Red Light,0.37,"[[129.61212158203125, 114.4156723022461, 142.26243591308594, 122.48111724853516]]"
Green Light,0.29,"[[236.8150634765625, 205.53733825683594, 245.5971221923828, 211.49024963378906]]"
Green Light,0.72,"[[252.1637725830078, 204.16458129882812, 260.2314453125, 208.97158813476562]]"
Red Light,0.70,"[[196.97369384765625, 67.6878662109375, 214.30038452148438, 79.85466766357422]]"
Red Light,0.40,"[[132.04005432128906, 100.85604095458984, 144.02874755859375, 109.8343276977539]]"
Green Light,0.61,"[[267.9266357421875, 201.5843048095703, 276.83599853515625, 206.32315063476562]]"
Red Light,0.55,"[[205.32716369628906, 35.8979377746582, 225.0242462158203, 51.12874221801758]]"
Red Light,0.34,"[[133.87445068359375, 84.8976821899414, 148.01666259765625, 92.80433654785156]]"
Green Light,0.42,"[[301.0421142578125, 193.06932067871094, 309.790283203125, 197.85250854492188]]"
Green Light,0.42,"[[303.82965087890625, 191.98280334472656, 313.5832214355469, 196.6772918701172]]"
Green Light,0.63,"[[302.2475280761719, 183.1992645263672, 313.380126953125, 188.7915496826172]]"
Green Light,0.79,"[[299.99896240234375, 183.12989807128906, 310.7490234375, 188.8006591796875]]"
Green Light,0.28,"[[270.9225158691406, 218.8193817138672, 273.608642578125, 224.68853759765625]]"
Green Light,0.84,"[[296.4143371582031, 181.2938995361328, 308.8768005371094, 187.8671417236328]]"
Green Light,0.68,"[[152.24317932128906, 180.398681640625, 169.84042358398438, 190.77456665039062]]"
Green Light,0.69,"[[289.7099304199219, 178.18756103515625, 305.2454833984375, 186.02476501464844]]"
Green Light,0.60,"[[175.70677185058594, 171.7911834716797, 195.520263671875, 183.82125854492188]]"
Green Light,0.67,"[[289.7080993652344, 178.19639587402344, 305.212646484375, 186.0686798095703]]"
Green Light,0.87,"[[187.02279663085938, 164.4492645263672, 209.0705108642578, 178.44044494628906]]"
Green Light,0.74,"[[288.797607421875, 175.08448791503906, 302.6235046386719, 182.40931701660156]]"
Green Light,0.61,"[[245.52499389648438, 219.3623046875, 247.97377014160156, 225.6427459716797]]"
Green Light,0.89,"[[199.64271545410156, 155.0628204345703, 225.05523681640625, 170.41139221191406]]"
Green Light,0.90,"[[214.92208862304688, 142.55593872070312, 242.65675354003906, 160.10733032226562]]"
Green Light,0.75,"[[290.0513610839844, 169.661865234375, 305.5291748046875, 177.61920166015625]]"
Green Light,0.65,"[[240.1305694580078, 219.3451385498047, 242.81593322753906, 225.5522003173828]]"
Green Light,0.74,"[[246.16650390625, 100.27086639404297, 287.1686096191406, 128.28041076660156]]"
Speed Limit 90,0.36,"[[292.7597961425781, 221.21417236328125, 295.4099426269531, 226.67080688476562]]"
Green Light,0.72,"[[240.309326171875, 217.55418395996094, 242.88917541503906, 224.8999786376953]]"
Speed Limit 90,0.30,"[[298.59844970703125, 219.96664428710938, 302.5284729003906, 225.58538818359375]]"
Green Light,0.73,"[[240.3049774169922, 217.586181640625, 242.89141845703125, 224.91717529296875]]"
Speed Limit 90,0.32,"[[298.5938720703125, 219.95286560058594, 302.5316467285156, 225.5960235595703]]"
Green Light,0.57,"[[240.7857208251953, 217.2706298828125, 243.9213104248047, 225.09495544433594]]"
Speed Limit 90,0.35,"[[302.3632507324219, 219.64048767089844, 306.45477294921875, 225.36456298828125]]"
Green Light,0.27,"[[241.39231872558594, 217.053955078125, 244.25099182128906, 225.1314697265625]]"
Green Light,0.26,"[[241.4139862060547, 217.05810546875, 244.24725341796875, 225.10081481933594]]"
Green Light,0.28,"[[242.5819091796875, 217.65170288085938, 245.6017303466797, 224.645751953125]]"
Speed Limit 90,0.65,"[[313.3594970703125, 216.91696166992188, 317.6738586425781, 225.07501220703125]]"
Speed Limit 90,0.90,"[[318.0377197265625, 216.79852294921875, 322.3042907714844, 224.7037353515625]]"
Green Light,0.37,"[[243.6011199951172, 216.7827911376953, 247.16513061523438, 224.11485290527344]]"
Speed Limit 90,0.80,"[[322.3052978515625, 215.4549560546875, 327.0158996582031, 224.3755645751953]]"
Green Light,0.47,"[[244.16311645507812, 216.20779418945312, 247.36097717285156, 223.45436096191406]]"
Speed Limit 90,0.81,"[[322.3082580566406, 215.45773315429688, 327.01513671875, 224.35897827148438]]"
Green Light,0.46,"[[244.15890502929688, 216.21347045898438, 247.3616943359375, 223.4691162109375]]"
Speed Limit 90,0.50,"[[326.6056213378906, 215.30320739746094, 331.6196594238281, 223.09011840820312]]"
Green Light,0.48,"[[245.04518127441406, 216.2136688232422, 247.71824645996094, 222.77841186523438]]"
Stop,0.26,"[[326.81097412109375, 215.10467529296875, 331.6969299316406, 223.08985900878906]]"
Speed Limit 90,0.50,"[[326.6308288574219, 215.32040405273438, 331.61749267578125, 223.07200622558594]]"
Green Light,0.49,"[[245.0370635986328, 216.18359375, 247.71839904785156, 222.77928161621094]]"
Stop,0.25,"[[326.8304138183594, 215.11183166503906, 331.6961975097656, 223.05433654785156]]"
Green Light,0.70,"[[245.3990020751953, 215.70811462402344, 248.20970153808594, 223.14447021484375]]"
Speed Limit 90,0.41,"[[331.3221130371094, 214.3319854736328, 336.739501953125, 223.2433319091797]]"
Green Light,0.68,"[[245.92132568359375, 215.3863067626953, 249.02354431152344, 222.80465698242188]]"
Speed Limit 90,0.58,"[[336.4525451660156, 212.75462341308594, 342.5589294433594, 222.8311309814453]]"
Speed Limit 90,0.46,"[[361.2653503417969, 208.00498962402344, 367.0626525878906, 218.7146759033203]]"
Green Light,0.32,"[[248.1930389404297, 213.18385314941406, 252.41477966308594, 222.11325073242188]]"
Green Light,0.58,"[[249.21949768066406, 213.10760498046875, 252.62318420410156, 222.55331420898438]]"
Speed Limit 90,0.51,"[[367.8349609375, 206.25335693359375, 374.0798645019531, 217.1178436279297]]"
Speed Limit 50,0.38,"[[367.859130859375, 206.1978302001953, 374.0923767089844, 216.96861267089844]]"
Green Light,0.72,"[[249.71456909179688, 212.6339111328125, 253.16539001464844, 221.93663024902344]]"
Speed Limit 50,0.28,"[[375.0621337890625, 204.1468963623047, 381.76287841796875, 216.27737426757812]]"
Speed Limit 90,0.28,"[[374.94207763671875, 204.4595947265625, 381.53936767578125, 215.97476196289062]]"
Red Light,0.82,"[[110.0041275024414, 154.1839599609375, 133.73741149902344, 168.6245574951172]]"
Green Light,0.72,"[[250.1643829345703, 211.9858856201172, 254.01708984375, 221.47706604003906]]"
Green Light,0.76,"[[250.1617889404297, 211.9076385498047, 254.04226684570312, 221.55654907226562]]"
Speed Limit 90,0.32,"[[382.3111572265625, 202.3914794921875, 389.2059020996094, 214.63809204101562]]"
Red Light,0.89,"[[82.70362854003906, 130.4722900390625, 111.35957336425781, 149.72274780273438]]"
Green Light,0.48,"[[253.2813720703125, 209.13955688476562, 257.6795959472656, 220.50733947753906]]"
Green Light,0.64,"[[254.4836883544922, 208.0747833251953, 258.8294372558594, 220.06637573242188]]"
Red Light,0.44,"[[184.00250244140625, 219.3764190673828, 186.8090057373047, 226.64996337890625]]"
Speed Limit 70,0.32,"[[132.00193786621094, 222.55393981933594, 134.78775024414062, 227.39065551757812]]"
Green Light,0.64,"[[254.478759765625, 208.07440185546875, 258.8508605957031, 220.0501708984375]]"
Red Light,0.44,"[[184.00137329101562, 219.3715057373047, 186.80909729003906, 226.64234924316406]]"
Speed Limit 70,0.34,"[[131.9888916015625, 222.56594848632812, 134.7805633544922, 227.43887329101562]]"
Green Light,0.74,"[[255.28900146484375, 207.72360229492188, 259.5885009765625, 219.64854431152344]]"
Red Light,0.68,"[[182.73878479003906, 219.3381805419922, 185.3106231689453, 226.64817810058594]]"
Green Light,0.83,"[[255.8067169189453, 206.49917602539062, 260.75970458984375, 218.76158142089844]]"
Red Light,0.53,"[[181.32749938964844, 218.57130432128906, 183.91607666015625, 226.2990264892578]]"
Speed Limit 70,0.29,"[[125.1042709350586, 221.9023895263672, 128.47181701660156, 227.21018981933594]]"
Green Light,0.51,"[[257.060546875, 205.28382873535156, 262.2927551269531, 218.2589569091797]]"
Speed Limit 70,0.43,"[[121.56834411621094, 221.2549285888672, 124.86373138427734, 227.0206298828125]]"
Green Light,0.65,"[[258.02752685546875, 204.7030029296875, 263.1833190917969, 218.1504669189453]]"
Red Light,0.52,"[[177.99716186523438, 218.46046447753906, 181.0430145263672, 225.12850952148438]]"
Green Light,0.59,"[[259.69781494140625, 203.1405487060547, 264.9786682128906, 217.4194793701172]]"
Red Light,0.34,"[[176.7500457763672, 218.17881774902344, 179.63037109375, 225.84432983398438]]"
Green Light,0.63,"[[261.4609375, 201.93251037597656, 267.0266418457031, 216.5755157470703]]"
Speed Limit 70,0.62,"[[109.64895629882812, 219.66873168945312, 113.9134292602539, 226.4573211669922]]"
Green Light,0.62,"[[264.0179138183594, 200.27493286132812, 270.073486328125, 216.11622619628906]]"
Speed Limit 70,0.41,"[[106.15143585205078, 219.3401641845703, 110.48152923583984, 226.10890197753906]]"
Green Light,0.80,"[[270.28643798828125, 196.6313018798828, 276.96490478515625, 213.8654327392578]]"
Speed Limit 70,0.69,"[[98.96868896484375, 218.11952209472656, 103.57041931152344, 225.10179138183594]]"
Red Light,0.69,"[[173.68846130371094, 217.0502471923828, 176.5092010498047, 225.072021484375]]"
Green Light,0.80,"[[270.2868957519531, 196.6309051513672, 276.96514892578125, 213.8666229248047]]"
Speed Limit 70,0.70,"[[98.9673843383789, 218.11598205566406, 103.57207489013672, 225.10418701171875]]"
Red Light,0.69,"[[173.6878662109375, 217.05108642578125, 176.5090789794922, 225.07125854492188]]"
Green Light,0.77,"[[274.4312744140625, 194.72210693359375, 281.1434020996094, 212.6967315673828]]"
Red Light,0.70,"[[173.1970672607422, 216.85728454589844, 176.2395782470703, 224.54100036621094]]"
Speed Limit 70,0.60,"[[95.5554428100586, 217.65342712402344, 99.95978546142578, 224.82667541503906]]"
Red Light,0.72,"[[172.86300659179688, 215.45413208007812, 176.2326202392578, 223.67739868164062]]"
Green Light,0.68,"[[296.07537841796875, 183.8190155029297, 304.65521240234375, 206.84637451171875]]"
Red Light,0.77,"[[173.31707763671875, 215.28805541992188, 176.57691955566406, 223.42066955566406]]"
Green Light,0.58,"[[303.79779052734375, 180.5890655517578, 312.2525634765625, 204.71719360351562]]"
Red Light,0.50,"[[173.77346801757812, 213.6680908203125, 177.82240295410156, 223.14871215820312]]"
Green Light,0.46,"[[321.26446533203125, 171.0115509033203, 331.33343505859375, 198.78805541992188]]"
Red Light,0.50,"[[173.77415466308594, 213.66754150390625, 177.82086181640625, 223.14816284179688]]"
Green Light,0.46,"[[321.2608947753906, 171.0073699951172, 331.33441162109375, 198.78260803222656]]"
Speed Limit 70,0.56,"[[62.24951171875, 211.05746459960938, 68.08189392089844, 220.975830078125]]"
Green Light,0.38,"[[331.793212890625, 165.61721801757812, 342.2886657714844, 196.02899169921875]]"
Red Light,0.50,"[[175.68638610839844, 212.97520446777344, 179.62709045410156, 222.2279510498047]]"
Green Light,0.29,"[[344.0163879394531, 159.630615234375, 354.81866455078125, 191.7532958984375]]"
Red Light,0.66,"[[176.77813720703125, 212.33248901367188, 180.45437622070312, 221.98370361328125]]"
Speed Limit 70,0.48,"[[52.96398162841797, 208.82412719726562, 58.4539680480957, 218.34799194335938]]"
Speed Limit 70,0.46,"[[43.0399055480957, 206.9258575439453, 48.33930587768555, 217.18756103515625]]"
Red Light,0.35,"[[179.15185546875, 211.5365753173828, 183.3081817626953, 222.0304718017578]]"
Speed Limit 70,0.35,"[[37.71532440185547, 205.04075622558594, 43.07012176513672, 216.54151916503906]]"
Red Light,0.34,"[[180.78712463378906, 210.38604736328125, 184.91856384277344, 221.7724609375]]"
Red Light,0.74,"[[182.4667510986328, 210.0553741455078, 186.958984375, 221.32896423339844]]"
Speed Limit 70,0.58,"[[32.3802604675293, 203.76837158203125, 37.95468521118164, 214.9901580810547]]"
Red Light,0.74,"[[182.4679412841797, 210.0558624267578, 186.95533752441406, 221.32736206054688]]"
Speed Limit 70,0.59,"[[32.38043212890625, 203.769287109375, 37.955421447753906, 214.99058532714844]]"
Red Light,0.45,"[[184.27853393554688, 209.48025512695312, 188.9346923828125, 220.99652099609375]]"
Red Light,0.31,"[[186.79327392578125, 208.85415649414062, 191.23678588867188, 220.3351593017578]]"
Red Light,0.40,"[[188.52963256835938, 208.02162170410156, 193.60275268554688, 219.9283905029297]]"
Red Light,0.41,"[[188.54490661621094, 208.03273010253906, 193.59967041015625, 219.9716339111328]]"
Red Light,0.27,"[[200.79991149902344, 204.05337524414062, 206.41592407226562, 218.6752471923828]]"
Red Light,0.90,"[[232.53146362304688, 190.11444091796875, 240.5987091064453, 211.73995971679688]]"
Red Light,0.40,"[[78.6634750366211, 205.709716796875, 82.28800964355469, 214.93453979492188]]"
Red Light,0.84,"[[238.55213928222656, 186.50888061523438, 247.2919158935547, 209.85447692871094]]"
Red Light,0.84,"[[252.3885955810547, 178.7594757080078, 262.92730712890625, 205.46621704101562]]"
Red Light,0.88,"[[260.428955078125, 173.12416076660156, 272.52093505859375, 202.64564514160156]]"
Red Light,0.85,"[[269.822998046875, 166.51829528808594, 283.0208740234375, 199.4336395263672]]"
Red Light,0.78,"[[292.7323303222656, 150.26303100585938, 308.97882080078125, 189.63182067871094]]"
Red Light,0.89,"[[307.23077392578125, 138.68283081054688, 325.41839599609375, 182.4580535888672]]"
Red Light,0.54,"[[323.8939208984375, 125.07911682128906, 345.2058410644531, 174.54905700683594]]"
Green Light,0.26,"[[80.10630798339844, 201.04495239257812, 84.12996673583984, 212.0306854248047]]"
Speed Limit 80,0.46,"[[198.6307373046875, 224.15252685546875, 202.809326171875, 229.3566436767578]]"
Speed Limit 80,0.49,"[[203.25930786132812, 223.72361755371094, 207.81787109375, 229.4849853515625]]"
Speed Limit 80,0.39,"[[203.10372924804688, 223.6867218017578, 207.80702209472656, 229.464599609375]]"
Speed Limit 80,0.38,"[[208.19485473632812, 223.13626098632812, 213.19284057617188, 229.60630798339844]]"
Speed Limit 80,0.40,"[[208.28460693359375, 223.106201171875, 213.2112274169922, 229.5762939453125]]"
Speed Limit 80,0.33,"[[214.24490356445312, 222.36032104492188, 219.09458923339844, 229.14529418945312]]"
Speed Limit 80,0.45,"[[220.369873046875, 220.8845672607422, 226.292236328125, 228.7728729248047]]"
Speed Limit 80,0.37,"[[224.29908752441406, 220.8064727783203, 229.6904296875, 228.7074737548828]]"
Speed Limit 90,0.57,"[[66.66294860839844, 212.8970489501953, 71.27913665771484, 221.17709350585938]]"
Speed Limit 80,0.36,"[[228.05706787109375, 219.4606170654297, 234.1843719482422, 228.64654541015625]]"
Speed Limit 80,0.73,"[[236.8184814453125, 218.10475158691406, 244.08209228515625, 227.82276916503906]]"
Speed Limit 90,0.68,"[[62.144466400146484, 210.66563415527344, 66.94993591308594, 219.2808380126953]]"
Speed Limit 80,0.72,"[[248.02847290039062, 216.11900329589844, 255.91964721679688, 227.72259521484375]]"
Speed Limit 90,0.44,"[[57.408817291259766, 210.73338317871094, 61.63062286376953, 219.10775756835938]]"
Speed Limit 80,0.79,"[[254.45614624023438, 213.76394653320312, 263.6858825683594, 227.1885223388672]]"
Speed Limit 80,0.72,"[[271.0655212402344, 210.3719024658203, 281.8294372558594, 225.56640625]]"
Speed Limit 80,0.82,"[[281.7134704589844, 207.57882690429688, 293.22052001953125, 223.943603515625]]"
Speed Limit 90,0.47,"[[42.55159378051758, 207.4984588623047, 48.4313850402832, 217.75503540039062]]"
Speed Limit 90,0.81,"[[35.87812805175781, 206.7099151611328, 41.74170684814453, 216.61349487304688]]"
Speed Limit 80,0.80,"[[309.5508117675781, 199.8798828125, 322.1046447753906, 221.53427124023438]]"
Speed Limit 90,0.76,"[[32.646240234375, 205.20401000976562, 37.865806579589844, 215.42430114746094]]"
Speed Limit 80,0.70,"[[327.7061462402344, 194.3160400390625, 341.088134765625, 219.16949462890625]]"
Speed Limit 90,0.77,"[[32.63984298706055, 205.1878204345703, 37.88721466064453, 215.4200897216797]]"
Speed Limit 80,0.70,"[[327.72100830078125, 194.3096466064453, 341.0837707519531, 219.1650848388672]]"
Speed Limit 80,0.86,"[[350.0918884277344, 187.2591552734375, 362.8521728515625, 215.6554718017578]]"
Speed Limit 90,0.46,"[[28.408811569213867, 204.56912231445312, 34.01720428466797, 214.710693359375]]"
Speed Limit 80,0.67,"[[375.7987060546875, 177.72239685058594, 387.58233642578125, 210.84707641601562]]"
Speed Limit 90,0.58,"[[24.532976150512695, 202.63241577148438, 29.67267417907715, 214.01336669921875]]"
Speed Limit 110,0.29,"[[375.8887634277344, 177.89190673828125, 387.2074279785156, 211.14117431640625]]"
Red Light,0.90,"[[226.98828125, 202.3341522216797, 233.5070037841797, 220.05935668945312]]"
Red Light,0.82,"[[266.1961364746094, 199.3509521484375, 272.4803161621094, 218.0056915283203]]"
Green Light,0.32,"[[250.42979431152344, 217.20425415039062, 253.0364227294922, 224.96958923339844]]"
Red Light,0.81,"[[200.11013793945312, 200.7770233154297, 207.11671447753906, 219.8231201171875]]"
Red Light,0.80,"[[240.8409881591797, 199.48846435546875, 247.72177124023438, 218.4161834716797]]"
Green Light,0.28,"[[223.71600341796875, 217.70787048339844, 226.52261352539062, 225.78509521484375]]"
Red Light,0.92,"[[160.20632934570312, 196.80368041992188, 167.31031799316406, 217.57861328125]]"
Red Light,0.84,"[[204.30328369140625, 197.556640625, 211.9575958251953, 217.6987762451172]]"
Red Light,0.93,"[[202.43226623535156, 196.2316436767578, 210.35128784179688, 216.8101806640625]]"
Red Light,0.91,"[[155.83221435546875, 194.60824584960938, 163.3983154296875, 216.6127166748047]]"
Green Light,0.59,"[[183.63101196289062, 217.42681884765625, 186.6759796142578, 225.30592346191406]]"
Red Light,0.93,"[[154.34774780273438, 188.84947204589844, 163.29071044921875, 214.60580444335938]]"
Red Light,0.90,"[[208.9995574951172, 189.2545928955078, 218.2545166015625, 215.09307861328125]]"
Green Light,0.78,"[[189.37045288085938, 216.318359375, 192.52040100097656, 224.25094604492188]]"
Green Light,0.47,"[[208.5525665283203, 217.0326385498047, 211.33172607421875, 225.7420196533203]]"
Red Light,0.93,"[[208.75953674316406, 186.19139099121094, 219.32687377929688, 214.14996337890625]]"
Red Light,0.89,"[[151.05044555664062, 186.11672973632812, 160.48284912109375, 213.00872802734375]]"
Green Light,0.80,"[[188.904541015625, 215.87274169921875, 192.25555419921875, 224.94017028808594]]"
Green Light,0.47,"[[208.51107788085938, 216.4216766357422, 211.4649658203125, 225.5452423095703]]"
Red Light,0.88,"[[208.7909698486328, 182.71823120117188, 220.35421752929688, 212.72662353515625]]"
Red Light,0.88,"[[147.36708068847656, 183.2347869873047, 157.4306182861328, 211.93821716308594]]"
Green Light,0.80,"[[188.32640075683594, 215.9012451171875, 191.98812866210938, 224.7051239013672]]"
Green Light,0.55,"[[208.63414001464844, 216.36636352539062, 211.57664489746094, 225.22999572753906]]"
Red Light,0.90,"[[209.0087127685547, 179.5100555419922, 220.88343811035156, 211.54588317871094]]"
Red Light,0.86,"[[143.06558227539062, 179.5138397216797, 153.4464111328125, 210.9586181640625]]"
Green Light,0.85,"[[188.00015258789062, 215.43568420410156, 191.50025939941406, 224.72055053710938]]"
Green Light,0.67,"[[208.6222381591797, 215.97677612304688, 212.0586700439453, 225.17965698242188]]"
Red Light,0.89,"[[138.53956604003906, 176.39430236816406, 149.78860473632812, 209.1617431640625]]"
Red Light,0.87,"[[209.28163146972656, 176.05148315429688, 221.8555450439453, 210.23440551757812]]"
Green Light,0.82,"[[187.68869018554688, 215.2460479736328, 191.25265502929688, 224.96763610839844]]"
Green Light,0.57,"[[208.56906127929688, 215.6629638671875, 212.002197265625, 225.13890075683594]]"
Red Light,0.92,"[[209.8850860595703, 158.22293090820312, 226.26248168945312, 203.11965942382812]]"
Green Light,0.87,"[[208.4585418701172, 214.37557983398438, 212.25999450683594, 225.03170776367188]]"
Red Light,0.85,"[[120.2748794555664, 160.92745971679688, 133.24415588378906, 203.04983520507812]]"
Green Light,0.67,"[[186.17945861816406, 214.39796447753906, 190.09683227539062, 224.69203186035156]]"
Red Light,0.93,"[[210.8500213623047, 139.24298095703125, 231.5035400390625, 195.14210510253906]]"
Green Light,0.86,"[[208.4920196533203, 213.24801635742188, 212.37574768066406, 224.57672119140625]]"
Red Light,0.84,"[[102.68656921386719, 146.16571044921875, 118.56489562988281, 196.1744842529297]]"
Red Light,0.95,"[[210.6958465576172, 110.08702087402344, 239.56387329101562, 181.9554901123047]]"
Green Light,0.85,"[[183.60049438476562, 212.35595703125, 188.05377197265625, 223.8575897216797]]"
Green Light,0.80,"[[208.30369567871094, 211.94422912597656, 212.77378845214844, 223.75550842285156]]"
Green Light,0.57,"[[210.74063110351562, 109.74742126464844, 239.55677795410156, 181.82003784179688]]"
Red Light,0.90,"[[212.02503967285156, 53.62457275390625, 256.05853271484375, 153.83143615722656]]"
Green Light,0.86,"[[208.38429260253906, 210.70445251464844, 213.11337280273438, 223.391357421875]]"
Green Light,0.82,"[[182.3859100341797, 210.92428588867188, 186.8296661376953, 223.24444580078125]]"
Green Light,0.86,"[[176.8863983154297, 206.68824768066406, 182.4044952392578, 221.95713806152344]]"
Green Light,0.86,"[[208.70994567871094, 206.86627197265625, 213.8750762939453, 222.16744995117188]]"
Green Light,0.86,"[[174.7782745361328, 205.14588928222656, 180.70372009277344, 221.41160583496094]]"
Green Light,0.82,"[[208.39956665039062, 205.28689575195312, 214.1976318359375, 221.54910278320312]]"
Speed Limit 120,0.81,"[[384.10784912109375, 202.84645080566406, 389.4555969238281, 214.5605010986328]]"
Green Light,0.94,"[[172.02723693847656, 202.4333038330078, 178.18406677246094, 220.1747589111328]]"
Green Light,0.92,"[[208.53099060058594, 203.1492156982422, 214.9438018798828, 220.77590942382812]]"
Green Light,0.88,"[[208.548828125, 200.5103759765625, 215.4315185546875, 219.70712280273438]]"
Green Light,0.86,"[[168.889892578125, 200.54818725585938, 175.7700653076172, 219.2852783203125]]"
Green Light,0.94,"[[165.5970001220703, 197.87806701660156, 172.63075256347656, 218.3482208251953]]"
Green Light,0.86,"[[208.8400421142578, 197.8035125732422, 216.3970489501953, 218.6132049560547]]"
Green Light,0.90,"[[163.14004516601562, 195.8963623046875, 171.08798217773438, 217.80784606933594]]"
Green Light,0.89,"[[208.70394897460938, 196.30868530273438, 216.98387145996094, 217.94570922851562]]"
Green Light,0.85,"[[158.3500213623047, 191.8431854248047, 166.6036834716797, 216.18247985839844]]"
Green Light,0.79,"[[208.93869018554688, 192.1428985595703, 217.48263549804688, 216.24594116210938]]"
Green Light,0.87,"[[208.9323272705078, 186.94117736816406, 219.10154724121094, 214.74485778808594]]"
Green Light,0.85,"[[152.3876495361328, 187.00540161132812, 161.50518798828125, 213.7650146484375]]"
Green Light,0.93,"[[209.47982788085938, 181.4147491455078, 220.551025390625, 212.8213653564453]]"
Green Light,0.87,"[[145.0785369873047, 181.27381896972656, 155.3694610595703, 211.8746795654297]]"
Green Light,0.93,"[[209.45681762695312, 176.67391967773438, 221.51673889160156, 210.98411560058594]]"
Green Light,0.88,"[[140.5395050048828, 177.5317840576172, 151.45050048828125, 210.09506225585938]]"
Green Light,0.93,"[[123.3515853881836, 163.31214904785156, 136.72702026367188, 203.6772003173828]]"
Green Light,0.92,"[[210.58091735839844, 160.8379669189453, 225.3495330810547, 204.50216674804688]]"
Green Light,0.94,"[[210.82391357421875, 144.0334930419922, 230.44395446777344, 198.87704467773438]]"
Green Light,0.92,"[[106.98028564453125, 149.83319091796875, 122.00720977783203, 199.2332305908203]]"
Speed Limit 110,0.53,"[[376.3158874511719, 205.47276306152344, 381.52618408203125, 215.78024291992188]]"
Green Light,0.42,"[[219.63230895996094, 177.4622802734375, 226.0926055908203, 181.80296325683594]]"
Green Light,0.25,"[[219.88836669921875, 177.16197204589844, 228.63107299804688, 181.9442596435547]]"
Green Light,0.87,"[[210.7436065673828, 117.35408020019531, 238.2955322265625, 184.74607849121094]]"
Green Light,0.32,"[[83.20333099365234, 131.38929748535156, 101.19867706298828, 188.3148193359375]]"
Green Light,0.37,"[[206.9681396484375, 173.65692138671875, 213.1969451904297, 177.7325897216797]]"
Green Light,0.89,"[[210.72251892089844, 96.27635192871094, 243.98532104492188, 175.99493408203125]]"
Green Light,0.63,"[[205.9790802001953, 166.6383514404297, 214.14923095703125, 171.6056365966797]]"
Green Light,0.62,"[[206.3401641845703, 161.3355255126953, 215.0632781982422, 166.39524841308594]]"
Green Light,0.75,"[[206.86834716796875, 146.18316650390625, 215.67001342773438, 152.83551025390625]]"
Green Light,0.78,"[[203.70846557617188, 123.81224060058594, 216.25881958007812, 132.8190155029297]]"
Green Light,0.70,"[[204.12132263183594, 100.72264099121094, 218.3155975341797, 110.06889343261719]]"
Green Light,0.83,"[[201.6830596923828, 65.12223815917969, 221.02706909179688, 79.01355743408203]]"
Red Light,0.31,"[[207.00991821289062, 172.88345336914062, 213.7082061767578, 176.95277404785156]]"
Green Light,0.83,"[[201.67369079589844, 65.11853790283203, 221.028564453125, 79.02584838867188]]"
Red Light,0.32,"[[207.02261352539062, 172.89337158203125, 213.67218017578125, 176.92247009277344]]"
Green Light,0.82,"[[201.0536346435547, 34.22049331665039, 223.6085205078125, 50.45133972167969]]"
Green Light,0.26,"[[207.32122802734375, 168.3744354248047, 214.94786071777344, 173.67398071289062]]"
Red Light,0.70,"[[207.8541259765625, 144.84109497070312, 215.9659423828125, 150.75592041015625]]"
Speed Limit 120,0.49,"[[290.08367919921875, 213.40261840820312, 294.8708190917969, 224.97952270507812]]"
Speed Limit 120,0.48,"[[290.0480041503906, 213.3857879638672, 294.903564453125, 224.92486572265625]]"
Speed Limit 120,0.40,"[[293.9423522949219, 211.9196319580078, 299.2553405761719, 224.7691192626953]]"
Speed Limit 120,0.40,"[[293.9457092285156, 211.92356872558594, 299.25482177734375, 224.7613067626953]]"
Speed Limit 120,0.63,"[[298.88970947265625, 210.3419189453125, 304.867919921875, 224.3481903076172]]"
Speed Limit 110,0.59,"[[298.7641906738281, 210.2598876953125, 304.7712707519531, 224.09475708007812]]"
Speed Limit 120,0.71,"[[304.4999084472656, 208.95872497558594, 311.83416748046875, 223.42408752441406]]"
Speed Limit 120,0.54,"[[320.0860900878906, 203.5384521484375, 329.7016906738281, 221.72630310058594]]"
Speed Limit 120,0.82,"[[330.0793151855469, 200.41343688964844, 341.2132568359375, 219.9620361328125]]"
Speed Limit 120,0.59,"[[342.5732116699219, 196.31759643554688, 354.9202575683594, 218.35130310058594]]"
Speed Limit 80,0.42,"[[342.400634765625, 195.97776794433594, 354.6424865722656, 217.99017333984375]]"
Speed Limit 120,0.59,"[[342.5723571777344, 196.31031799316406, 354.9074401855469, 218.35382080078125]]"
Speed Limit 80,0.44,"[[342.3997802734375, 195.9686279296875, 354.63165283203125, 217.97714233398438]]"
Speed Limit 120,0.65,"[[372.5718688964844, 185.53738403320312, 387.9797058105469, 212.71983337402344]]"
Speed Limit 120,0.66,"[[372.5877685546875, 185.5410919189453, 387.98052978515625, 212.72926330566406]]"
Speed Limit 120,0.38,"[[391.07061767578125, 178.9173126220703, 404.606201171875, 208.66810607910156]]"
Speed Limit 80,0.38,"[[390.94183349609375, 178.4561004638672, 404.31475830078125, 208.7837371826172]]"
Speed Limit 110,0.37,"[[197.30059814453125, 222.97366333007812, 201.91494750976562, 229.69754028320312]]"
Red Light,0.37,"[[249.69985961914062, 194.3003692626953, 254.55255126953125, 197.3419189453125]]"
Red Light,0.39,"[[249.69764709472656, 194.29708862304688, 254.56463623046875, 197.33729553222656]]"
Speed Limit 110,0.37,"[[197.3013458251953, 222.975830078125, 201.9171905517578, 229.6993408203125]]"
Speed Limit 110,0.42,"[[191.59490966796875, 221.90476989746094, 196.3245086669922, 229.26678466796875]]"
Red Light,0.39,"[[248.62026977539062, 192.8858642578125, 255.35133361816406, 196.3026580810547]]"
Speed Limit 110,0.34,"[[188.33457946777344, 222.20994567871094, 193.18173217773438, 228.2262420654297]]"
Speed Limit 110,0.35,"[[184.52989196777344, 221.9742889404297, 190.28614807128906, 229.12916564941406]]"
Speed Limit 110,0.36,"[[184.5183868408203, 221.9800567626953, 190.29269409179688, 229.1402130126953]]"
Speed Limit 110,0.78,"[[180.3258819580078, 220.75489807128906, 186.03822326660156, 228.4346160888672]]"
Speed Limit 110,0.78,"[[176.37307739257812, 220.1001434326172, 182.0615234375, 228.45428466796875]]"
Speed Limit 110,0.77,"[[176.38465881347656, 220.1079559326172, 182.0504150390625, 228.40565490722656]]"
Speed Limit 110,0.84,"[[171.06480407714844, 219.1812744140625, 177.93154907226562, 227.84423828125]]"
Red Light,0.40,"[[239.9744110107422, 188.7305145263672, 245.9048614501953, 192.12457275390625]]"
Speed Limit 110,0.86,"[[165.84828186035156, 218.44534301757812, 173.06460571289062, 227.8140106201172]]"
Red Light,0.53,"[[238.33718872070312, 187.59017944335938, 244.4591827392578, 191.00665283203125]]"
Speed Limit 110,0.70,"[[159.6482391357422, 216.91656494140625, 167.18667602539062, 227.35992431640625]]"
Red Light,0.28,"[[235.8658447265625, 186.31898498535156, 241.7190704345703, 190.4185333251953]]"
Speed Limit 110,0.52,"[[152.7915496826172, 215.7847442626953, 161.07974243164062, 227.159423828125]]"
Speed Limit 110,0.57,"[[144.87863159179688, 213.36924743652344, 154.39686584472656, 226.90768432617188]]"
Speed Limit 110,0.58,"[[144.88937377929688, 213.3665008544922, 154.39578247070312, 226.91343688964844]]"
Speed Limit 110,0.81,"[[125.24183654785156, 209.26829528808594, 136.32650756835938, 225.0271453857422]]"
Red Light,0.40,"[[227.6430206298828, 181.44815063476562, 233.82420349121094, 185.49041748046875]]"
Speed Limit 110,0.87,"[[114.18431854248047, 206.85719299316406, 126.06542205810547, 224.00511169433594]]"
Speed Limit 110,0.87,"[[114.18498992919922, 206.85830688476562, 126.06482696533203, 224.00491333007812]]"
Speed Limit 110,0.88,"[[100.18769836425781, 203.10000610351562, 113.72203063964844, 222.91017150878906]]"
Red Light,0.33,"[[223.2101287841797, 178.64974975585938, 230.4197998046875, 182.38882446289062]]"
Speed Limit 110,0.89,"[[100.18724060058594, 203.0965576171875, 113.72824096679688, 222.92666625976562]]"
Red Light,0.34,"[[223.43226623535156, 178.6106719970703, 230.49029541015625, 182.36070251464844]]"
Speed Limit 110,0.84,"[[84.25218200683594, 199.01588439941406, 98.4314956665039, 221.0629119873047]]"
Red Light,0.34,"[[220.792236328125, 176.7170867919922, 229.04141235351562, 180.9730224609375]]"
Speed Limit 110,0.76,"[[66.27790069580078, 192.7211151123047, 80.62566375732422, 219.0433349609375]]"
Speed Limit 110,0.78,"[[66.28194427490234, 192.71688842773438, 80.626220703125, 219.01776123046875]]"
Speed Limit 110,0.89,"[[45.20209503173828, 185.7474365234375, 59.73787307739258, 214.8096160888672]]"
Red Light,0.66,"[[218.4787139892578, 173.47357177734375, 226.23609924316406, 177.33230590820312]]"
Red Light,0.65,"[[217.72056579589844, 171.28390502929688, 224.44915771484375, 175.30799865722656]]"
Speed Limit 80,0.50,"[[21.79598617553711, 177.07164001464844, 35.55793380737305, 210.02366638183594]]"
Speed Limit 120,0.47,"[[21.157878875732422, 177.26783752441406, 35.43855667114258, 208.92486572265625]]"
Red Light,0.33,"[[215.820068359375, 168.64703369140625, 223.36172485351562, 173.35263061523438]]"
Red Light,0.39,"[[212.8871307373047, 163.38113403320312, 220.78814697265625, 168.56088256835938]]"
Red Light,0.53,"[[209.48252868652344, 153.83831787109375, 218.96609497070312, 159.33734130859375]]"
Red Light,0.65,"[[209.29164123535156, 150.0496826171875, 218.2647247314453, 155.78538513183594]]"
Red Light,0.68,"[[207.7478790283203, 145.56248474121094, 218.3087921142578, 151.68814086914062]]"
Red Light,0.73,"[[207.40716552734375, 140.79180908203125, 217.23159790039062, 147.1194610595703]]"
Red Light,0.78,"[[205.6088409423828, 129.8052978515625, 216.87969970703125, 137.29473876953125]]"
Red Light,0.74,"[[205.3700408935547, 122.98226928710938, 218.7495880126953, 131.34922790527344]]"
Red Light,0.75,"[[205.04335021972656, 116.03235626220703, 218.49522399902344, 124.59786224365234]]"
Red Light,0.74,"[[205.0232696533203, 116.02484130859375, 218.4755401611328, 124.587890625]]"
Red Light,0.75,"[[204.56724548339844, 98.74488067626953, 219.7422637939453, 107.64035034179688]]"
Red Light,0.61,"[[203.6294708251953, 88.3460464477539, 220.78195190429688, 98.65618133544922]]"
Green Light,0.28,"[[203.72576904296875, 88.29891204833984, 220.58981323242188, 98.33939361572266]]"
Red Light,0.60,"[[203.62185668945312, 88.3493423461914, 220.7571258544922, 98.642822265625]]"
Green Light,0.27,"[[203.7310028076172, 88.29470825195312, 220.5587158203125, 98.33428192138672]]"
Red Light,0.75,"[[203.73651123046875, 76.03564453125, 221.40084838867188, 87.73674011230469]]"
Red Light,0.70,"[[203.71044921875, 47.306800842285156, 223.51617431640625, 62.2327995300293]]"
Green Light,0.36,"[[203.2191925048828, 47.17695236206055, 223.28167724609375, 61.86794662475586]]"
Red Light,0.74,"[[202.24378967285156, 11.113642692565918, 226.3729705810547, 28.634004592895508]]"
Red Light,0.32,"[[161.20449829101562, 204.53953552246094, 167.7153778076172, 208.16392517089844]]"
Red Light,0.64,"[[180.89126586914062, 204.40655517578125, 187.47227478027344, 207.9249725341797]]"
Red Light,0.60,"[[198.1962432861328, 204.44326782226562, 204.89373779296875, 208.0209197998047]]"
Red Light,0.54,"[[182.6602783203125, 201.8373565673828, 189.66336059570312, 206.33474731445312]]"
Red Light,0.40,"[[201.93040466308594, 201.93077087402344, 209.20657348632812, 206.06507873535156]]"
Red Light,0.47,"[[201.3244171142578, 199.75514221191406, 208.89796447753906, 204.5185089111328]]"
Red Light,0.70,"[[201.50689697265625, 199.5465087890625, 209.32150268554688, 203.51394653320312]]"
Red Light,0.56,"[[180.04762268066406, 199.04408264160156, 187.97084045410156, 204.0187530517578]]"
Red Light,0.66,"[[200.70225524902344, 194.31321716308594, 209.38922119140625, 199.12625122070312]]"
Red Light,0.53,"[[176.4676971435547, 194.315673828125, 184.9529266357422, 199.34286499023438]]"
Red Light,0.66,"[[200.69900512695312, 194.3142547607422, 209.38790893554688, 199.12208557128906]]"
Red Light,0.53,"[[176.46533203125, 194.31369018554688, 184.95433044433594, 199.343017578125]]"
Red Light,0.52,"[[174.16290283203125, 190.30848693847656, 183.48760986328125, 195.91294860839844]]"
Red Light,0.36,"[[201.64151000976562, 190.05715942382812, 211.5594024658203, 195.6761016845703]]"
Red Light,0.70,"[[208.1876678466797, 183.9550018310547, 219.04910278320312, 189.64483642578125]]"
Red Light,0.62,"[[176.09869384765625, 184.82281494140625, 186.51449584960938, 190.59747314453125]]"
Red Light,0.83,"[[178.13645935058594, 181.9899139404297, 189.09690856933594, 188.66114807128906]]"
Red Light,0.75,"[[212.32635498046875, 181.09017944335938, 222.68113708496094, 187.65048217773438]]"
Red Light,0.77,"[[227.3383331298828, 171.83213806152344, 240.03919982910156, 178.69839477539062]]"
Red Light,0.76,"[[186.9388427734375, 174.08407592773438, 200.59432983398438, 181.6570587158203]]"
Red Light,0.85,"[[241.6249542236328, 162.11026000976562, 256.5908203125, 171.0293426513672]]"
Red Light,0.70,"[[196.85533142089844, 166.21791076660156, 211.8533477783203, 175.1619873046875]]"
Red Light,0.72,"[[209.70030212402344, 156.70632934570312, 226.05772399902344, 165.86212158203125]]"
Red Light,0.64,"[[260.230712890625, 150.59454345703125, 278.03302001953125, 160.34103393554688]]"
Red Light,0.74,"[[270.9178771972656, 143.00515747070312, 289.9013366699219, 153.5735321044922]]"
Red Light,0.73,"[[215.7278289794922, 150.03736877441406, 233.9681396484375, 160.91549682617188]]"
Red Light,0.81,"[[312.3242492675781, 102.14749145507812, 335.7950134277344, 116.81974792480469]]"
Red Light,0.78,"[[235.73590087890625, 112.32635498046875, 261.2872314453125, 127.47618865966797]]"
Green Light,0.33,"[[287.5359802246094, 203.0091552734375, 293.4119567871094, 206.45030212402344]]"
Red Light,0.81,"[[312.62298583984375, 102.25152587890625, 335.79351806640625, 117.04585266113281]]"
Red Light,0.78,"[[235.74147033691406, 112.33326721191406, 261.2834777832031, 127.46586608886719]]"
Green Light,0.33,"[[287.53509521484375, 203.0056610107422, 293.4144592285156, 206.44696044921875]]"
Red Light,0.87,"[[245.0670166015625, 80.091552734375, 278.37664794921875, 101.93157196044922]]"
Red Light,0.78,"[[336.076904296875, 73.0830078125, 362.56805419921875, 92.3432846069336]]"
Red Light,0.32,"[[169.54588317871094, 202.67593383789062, 175.784912109375, 206.35012817382812]]"
Green Light,0.55,"[[146.49143981933594, 199.53651428222656, 152.6497802734375, 204.87135314941406]]"
Green Light,0.30,"[[145.5203094482422, 200.22325134277344, 151.98631286621094, 204.58702087402344]]"
Green Light,0.56,"[[146.45138549804688, 199.54733276367188, 152.60008239746094, 204.85699462890625]]"
Green Light,0.31,"[[145.43276977539062, 200.21910095214844, 151.95086669921875, 204.59759521484375]]"
Green Light,0.81,"[[126.7489242553711, 186.4415283203125, 136.53306579589844, 192.3146209716797]]"
Green Light,0.53,"[[154.1584014892578, 189.13706970214844, 163.9960479736328, 195.0634002685547]]"
Green Light,0.74,"[[128.8196258544922, 185.6593780517578, 138.6962432861328, 191.4022674560547]]"
Green Light,0.65,"[[157.3909912109375, 188.4381866455078, 166.7344970703125, 193.3379364013672]]"
Green Light,0.77,"[[160.34510803222656, 186.0559539794922, 170.2723388671875, 192.30430603027344]]"
Green Light,0.71,"[[130.951171875, 183.91734313964844, 141.30010986328125, 190.4136962890625]]"
Green Light,0.73,"[[137.56385803222656, 180.54653930664062, 148.8764190673828, 187.50611877441406]]"
Green Light,0.64,"[[169.7073974609375, 182.39010620117188, 180.9285125732422, 189.06117248535156]]"
Green Light,0.79,"[[175.26707458496094, 180.18179321289062, 186.91519165039062, 187.22772216796875]]"
Green Light,0.68,"[[141.34278869628906, 178.68109130859375, 153.51841735839844, 185.77149963378906]]"
Green Light,0.91,"[[143.78102111816406, 154.29135131835938, 160.65391540527344, 165.11773681640625]]"
Green Light,0.73,"[[193.50289916992188, 153.0031280517578, 211.89602661132812, 162.650146484375]]"
Green Light,0.91,"[[143.78213500976562, 154.29373168945312, 160.64532470703125, 165.1080322265625]]"
Green Light,0.72,"[[193.50758361816406, 153.00265502929688, 211.89639282226562, 162.6503448486328]]"
Green Light,0.91,"[[127.95954132080078, 134.82835388183594, 149.1283416748047, 146.3522491455078]]"
Green Light,0.89,"[[190.84747314453125, 129.74212646484375, 213.3861846923828, 141.3868865966797]]"
Green Light,0.91,"[[127.96127319335938, 134.83201599121094, 149.1298370361328, 146.35435485839844]]"
Green Light,0.89,"[[190.8457489013672, 129.7412109375, 213.3819580078125, 141.37905883789062]]"
Green Light,0.96,"[[188.32823181152344, 87.63782501220703, 219.73294067382812, 106.12950134277344]]"
Green Light,0.81,"[[108.29541778564453, 104.17066955566406, 134.34707641601562, 119.80487060546875]]"
Green Light,0.96,"[[188.3572998046875, 87.65879821777344, 219.7256622314453, 106.1084976196289]]"
Green Light,0.81,"[[108.29813385009766, 104.18963623046875, 134.32803344726562, 119.80437469482422]]"
Green Light,0.87,"[[188.09693908691406, 42.37628936767578, 228.52322387695312, 66.18644714355469]]"
Green Light,0.81,"[[92.73114013671875, 74.16834259033203, 122.8406982421875, 95.16280364990234]]"
Red Light,0.26,"[[277.8456115722656, 215.35934448242188, 280.6645812988281, 222.3363800048828]]"
Red Light,0.42,"[[319.48809814453125, 208.40509033203125, 322.5299072265625, 216.81625366210938]]"
Red Light,0.69,"[[323.2210388183594, 207.88470458984375, 326.0898742675781, 217.20655822753906]]"
Red Light,0.47,"[[329.7984313964844, 203.088623046875, 333.6806640625, 213.73895263671875]]"
Red Light,0.78,"[[327.8182067871094, 202.93695068359375, 331.60626220703125, 214.8252410888672]]"
Red Light,0.82,"[[322.22540283203125, 203.35585021972656, 326.1380920410156, 214.6811065673828]]"
Red Light,0.59,"[[315.2785339355469, 203.51402282714844, 319.09600830078125, 215.06105041503906]]"
Red Light,0.59,"[[315.27886962890625, 203.5787353515625, 319.0820007324219, 215.0569610595703]]"
Red Light,0.81,"[[311.64544677734375, 200.68003845214844, 316.3655700683594, 214.21649169921875]]"
Red Light,0.72,"[[315.6155090332031, 198.84617614746094, 320.5545349121094, 213.30003356933594]]"
Red Light,0.68,"[[318.9775695800781, 197.05963134765625, 324.3498840332031, 211.96189880371094]]"
Red Light,0.60,"[[323.53515625, 195.26119995117188, 329.0759582519531, 211.23924255371094]]"
Red Light,0.79,"[[341.5997619628906, 188.520263671875, 347.7901306152344, 206.2129364013672]]"
Red Light,0.61,"[[345.365966796875, 186.20294189453125, 351.6362609863281, 205.36373901367188]]"
Red Light,0.78,"[[348.75714111328125, 184.2345733642578, 355.51324462890625, 204.43710327148438]]"
Red Light,0.80,"[[351.6246032714844, 182.48556518554688, 358.6552734375, 203.3679656982422]]"
Red Light,0.76,"[[359.6414489746094, 176.4076690673828, 366.88873291015625, 200.14028930664062]]"
Red Light,0.66,"[[361.5341796875, 175.26516723632812, 368.867919921875, 198.85186767578125]]"
